tab,tab_id,trait,phenotype,locus,variant,conseq,mode,module,gene,title,title_detailed,desc,CHR,POS,normalAllele,variantAllele,imputation,reference,doi,note
CoatColor,coat_color,black,liver,B,bc,p.(C41S),aut_rec_comp,mod_liver,TYRP1,Liver - variant p.(C41S),Liver (B locus): bc: p.(C41S),Alters eumelanin pigment to a brown hue,11,33317810,T,A,impute-v2,CanFam3.1,https://doi.org/10.1007/s00335-001-2147-2,
CoatColor,coat_color,black,liver,B,bd,p.(P345del),aut_rec_comp,mod_liver,TYRP1,Liver - variant p.(P345del),Liver (B locus): bd: p.(P345del),Alters eumelanin pigment to a brown hue,11,33326726,ACCT,A,impute-v2,CanFam3.1,https://doi.org/10.1007/s00335-001-2147-2,
CoatColor,coat_color,black,liver,B,bs,p.(Gln331*),aut_rec_comp,mod_liver,TYRP1,Liver - variant p.(Gln331*),Liver (B locus): bs: p.(Gln331*),Alters eumelanin pigment to a brown hue,11,33326685,C,T,impute-v2,CanFam3.1,https://doi.org/10.1007/s00335-001-2147-2,
CoatColor,coat_color,black,cocoa,Co,co,p.(T807*),aut_rec,mod_cocoa,HPS3,Cocoa - variant p.(T807*),Cocoa (Co locus) - p.(T807*),Alters eumelanin pigment to a deep brown hue,23,43969695,G,A,impute-v2,CanFam3.1,https://doi.org/10.3390/genes11060636,
CoatColor,coat_color,black,dilution,D,d1,splicing,aut_rec_comp,mod_dilute,MLPH,Dilution - splice variant,Dilution (D locus): d1: splice variant,Dilutes eumelanin pigment to a lighter hue,25,48121642,G,A,impute-v2,CanFam3.1,https://doi.org/10.1093/jhered/esm021,
CoatColor,coat_color,black,dilution,D,d2,p.(Q235H),aut_rec_comp,mod_dilute,MLPH,Dilution - variant p.(Q235H),Dilution (D locus): d2: p.(Q235H),Dilutes eumelanin pigment to a lighter hue,25,48150787,G,C,impute-v2,CanFam3.1,https://doi.org/10.1111/age.12632,
CoatColor,coat_color,black,dilution,D,d3,p.(H223Pfs*41),aut_rec_comp,mod_dilute,MLPH,Dilution - variant p.(H223Pfs*41),Dilution (D locus): d3: p.(H223Pfs*41),Dilutes eumelanin pigment to a lighter hue,25,48150749,C,CC,unobserved,CanFam3.1,https://dx.doi.org/10.3390%2Fgenes11060639,
CoatColor,coat_color,red,red_intensity,I,i1,marker,model,mod_red_intensity,lincRNA,Red intensity - marker 1,Red Intensity (I locus) - Variant 1,Influences deepness of pheomelanin pigment,2,74746906,T,A,impute-v2,CanFam3.1,https://doi.org/10.1371/journal.pone.0250579,
CoatColor,coat_color,red,red_intensity,I,i2,marker,model,mod_red_intensity,intergenic,Red intensity - marker 2,Red Intensity (I locus) - Variant 2,Influences deepness of pheomelanin pigment,15,29840789,T,C,impute-v2,CanFam3.1,https://doi.org/10.1371/journal.pone.0250579,
CoatColor,coat_color,red,red_intensity,I,i3,marker,model,mod_red_intensity,SLC264A,Red intensity - marker 3,Red Intensity (I locus) - Variant 3,Influences deepness of pheomelanin pigment,18,12910382,T,C,impute-v2,CanFam3.1,https://doi.org/10.1371/journal.pone.0250579,
CoatColor,coat_color,red,red_intensity,I,i4,marker,model,mod_red_intensity,intergenic,Red intensity - marker 4,Red Intensity (I locus) - Variant 4,Influences deepness of pheomelanin pigment,20,55850145,T,C,impute-v2,CanFam3.1,https://doi.org/10.1371/journal.pone.0250579,
CoatColor,coat_color,red,red_intensity,I,i5,marker,model,mod_red_intensity,TYR,Red intensity - marker 5,Red Intensity (I locus) - Variant 5,Influences deepness of pheomelanin pigment,21,10864834,G,A,impute-v2,CanFam3.1,https://doi.org/10.1371/journal.pone.0250579,
CoatPattern,coat_pattern,agouti,sable,A,Ay1,p.(A82S),aut_dom,mod_sable,ASIP,Sable - variant p.(A82S),Sable (A locus): Ay1: p.(A82S),Determines if a dog has sable pattern,24,23393510,G,T,impute-v2,CanFam3.1,https://doi.org/10.1007/s00335-004-2445-6,linked with Ay2
CoatPattern,coat_pattern,agouti,sable,A,Ay2,p.(R83H),aut_dom,mod_sable,ASIP,Sable - variant p.(R83H),Sable (A locus): Ay2: p.(R83H),Determines if a dog has sable pattern,24,23393514,G,A,impute-v2,CanFam3.1,https://doi.org/10.1007/s00335-004-2445-6,linked with Ay1
CoatPattern,coat_pattern,agouti,tan_points,A,at,marker,aut_rec,mod_tan_points,ASIP,Tan points - marker,Tan points (A locus): at,Determines if a dog has tan point pattern,24,23365205,C,T,impute-v2,CanFam3.1,https://doi.org/10.1093/jhered/est012,
CoatPattern,coat_pattern,agouti,recessive_black,A,a-,p.(R96C),aut_rec,mod_rec_black,ASIP,Recessive black - variant p.(R96C),Recessive black (A locus): a-: p.(R96C),Eumelanin solidly overrides pheomelanin across entire coat,24,23393552,C,T,impute-v2,CanFam3.1,https://doi.org/10.1007/s00335-004-2377-1,
CoatPattern,coat_pattern,agouti,saddle,A,atm1,marker,aut_dom,mod_saddle,RALY,Saddle - marker 1,Saddle (A locus modifier) - Variant 1,Allows for saddle pattern to supercede tan points,24,23252763,CAGAGTTTCCCCAGGT,C,impute-v2,CanFam3.1,https://doi.org/10.1093/jhered/est012,segregates with but is not sufficient to cause saddle tan
CoatPattern,coat_pattern,agouti,saddle,A,atm2,marker,aut_dom,mod_saddle,RALY,Saddle - marker 2,Saddle (A locus modifier) - Variant 2,Allows for saddle pattern to supercede tan point pattern,24,23252753,GTCCCCAGGTCAGAGTT,G,impute-v2,CanFam3.1,https://doi.org/10.1093/jhered/est012,segregates with but is not sufficient to cause saddle tan
CoatPattern,coat_pattern,mask,melanistic_mask,E,EM,p.(M264V),aut_dom,mod_mask,MC1R,Facial mask - variant p.(M264V),Mask (E locus): EM: p.(M264V),Determines if a dog has a dark facial mask,5,63694460,T,C,impute-v2,CanFam3.1,https://doi.org/10.1093/jhered/esg014,
CoatPattern,coat_pattern,grizzle,sighthound_domino,E,Eg,p.(G78V),TBD,mod_grizzle,MC1R,Sighthound grizzle - variant p.(G78V),Grizzle (E locus): Eg: p.(G78V),Determines if dog has shaded sable with widows peak pattern,5,63695017,C,A,impute-v2,CanFam3.1,https://doi.org/10.1093/jhered/esq061,
CoatPattern,coat_pattern,northern_domino,northern_domino,E,EA,p.(R301C),aut_rec,mod_domino,MC1R,Northern domino - variant p.(R301C),Northern Domino (E locus): EA: p.(R301C),Determines if a dog has domino facial and body pattern common in Northern breeds,5,63694349,G,A,impute-v2,CanFam3.1,https://doi.org/10.1186/s40575-020-00095-7,AGG codon to Cysteine
CoatPattern,coat_pattern,red,recessive_red,E,e1,p.(R306*),aut_rec,mod_rec_red,MC1R,Recessive red - variant p.(R306*),Recessive red (E locus): e1: p.(R306*),Pheomelanin solidly overrides eumelanin across entire coat,5,63694334,G,A,impute-v2,CanFam3.1,https://doi.org/10.1007/s003350010005,
CoatPattern,coat_pattern,red,recessive_red,E,e2,regulatory,aut_rec,mod_rec_red,MC1R,Recessive red - regulatory variant,Recessive red (E locus): e2: regulatory variant,Pheomelanin solidly overrides eumelanin across entire coat,5,63695679,C,G,impute-v2,CanFam3.1,https://doi.org/10.1111/age.12660,
CoatPattern,coat_pattern,brindle,dominant_black,K,KB,p.(G23del),aut_dom,mod_dom_black,CBD103,Dominant black - variant p.(G23del),Dominant black (K locus): KB: p.(G23del),Eumelanin solidly overrides pheomelanin across entire coat,16,58965448,TCCC,T,impute-v2,CanFam3.1,https://dx.doi.org/10.1534/genetics.107.074237,
CoatPattern,coat_pattern,brindle,brindle,K,Kb1,marker,TBD,mod_brindle,intergenic,Brindle - marker 1,Brindle (K locus): Kb1: associated variant,Associated with brindle coat pattern,16,58999689,A,AGG,impute-v2,CanFam3.1,,"associated variant only, causal not identified, need to run some prediction tests"
CoatPattern,coat_pattern,brindle,brindle,K,Kb2,marker,TBD,mod_brindle,intergenic,Brindle - marker 2,Brindle (K locus): Kb1: associated variant,Associated with brindle coat pattern,16,58999678,GCTTCCCTAAAA,G,impute-v2,CanFam3.1,,"associated variant only, causal not identified, need to run some prediction tests"
CoatPattern,coat_pattern,roan,ticking,T,ta,marker,aut_rec,mod_ticking,USH2A,Ticking - marker,Ticking (associated marker),,38,11165134,G,A,impute-v2,CanFam3.1,,"Associated variant only, causal not identified"
CoatPattern,coat_pattern,merle,harlequin,H,h,p.(V49I),aut_dom,mod_harlequin,PSMB7,Harlequin - variant p.(V49I),Harlequin (H locus),Increases the amount of white on a merle patterned dog,9,58530295,T,G,impute-v2,CanFam3.1,,
CoatType,coat_type,coat_texture,curly_coat,Cu,c1,p.(R151W),inc_dom,mod_curly_coat,KRT71,Curly coat - variant p.(R151W),Curly coat (C locus): c1: p.(R151W),Makes coat curly or wavy,27,2539211,C,T,impute-v2,CanFam3.1,https://doi.org/10.1126/science.1177808,
CoatType,coat_type,coat_texture,curly_coat,Cu,c2,p.(S422Rfs),unknown,mod_curly_coat,KRT71,Curly coat - variant p.(S422Rfs),Curly coat (C locus): c2: p.(S422Rfs),Makes coat curly or wavy,27,2543231,CTG,C,impute-v2,CanFam3.1,https://doi.org/10.1111/age.12743,
CoatType,coat_type,coat_length,long_coat,L,Lh,p.(C95F),aut_rec,mod_coat_length,FGF5,Long coat - variant p.(C95F),Long coat (L locus): Lh: p.(C95F),Increases coat length,32,4509367,G,T,impute-v2,CanFam3.1,https://doi.org/10.1111/j.1365-2052.2006.01448.x,
CoatType,coat_type,furnishings,furnishings,IC,ins,marker,aut_dom,mod_furnishings,RSPO2,Furnishings - marker,Furnishings - Marker 1,Causes long hair on eyebrows and jowls,13,8491477,A,C,impute-v2,CanFam3.1,,
CoatType,coat_type,shedding,shedding_propensity,sp,sp,p.(A237T),TBD,Shedding,MC5R,Shedding propensity - variant p.(A237T),Shedding propensity,Decreases shedding,1,24430748,T,C,impute-v2,CanFam3.1,https://doi.org/10.1038/ncomms10460,
CoatType,coat_type,coat_layer,single_coat,sc,1,regulatory,TBD,mod_coat_layer,ADRB1-AU1,Single-layer coat - marker 1,Single coat - Marker 1,Loss of double-layered coat,28,24860187,C,T,impute-v2,CanFam3.1,https://dx.doi.org/10.3390%2Fgenes10050323,
CoatType,coat_type,coat_layer,single_coat,sc,2,regulatory,TBD,mod_coat_layer,ADRB1-AU1,Single-layer coat - marker 2,Single coat - Marker 2,Loss of double-layered coat,28,24870184,G,A,impute-v2,CanFam3.1,https://dx.doi.org/10.3390%2Fgenes10050323,
SpecialFeatures,special_features,altitude,high_altitude_adaptation,alt1,a1,marker,all_none,AltitudeAdaptation,EPAS1,High altitude hypoxia tolerance - marker 1,High altitude hypoxia tolerance,"Observed in breeds from high elevations, like Tibetan mastiffs",10,48626862,G,A,impute-v2,CanFam3.1,https://dx.doi.org/10.7717%2Fpeerj.3522,
SpecialFeatures,special_features,altitude,high_altitude_adaptation,alt2,a2,marker,all_none,AltitudeAdaptation,EPAS1,High altitude hypoxia tolerance - marker 2,High altitude hypoxia tolerance,"Observed in breeds from high elevations, like Tibetan mastiffs",10,48630137,G,T,impute-v2,CanFam3.1,https://dx.doi.org/10.7717%2Fpeerj.3522,
SpecialFeatures,special_features,altitude,high_altitude_adaptation,alt3,a3,marker,all_none,AltitudeAdaptation,EPAS1,High altitude hypoxia tolerance - marker 3,High altitude hypoxia tolerance,"Observed in breeds from high elevations, like Tibetan mastiffs",10,48630153,G,A,impute-v2,CanFam3.1,https://dx.doi.org/10.7717%2Fpeerj.3522,
SpecialFeatures,special_features,altitude,high_altitude_adaptation,alt4,a4,marker,all_none,AltitudeAdaptation,EPAS1,High altitude hypoxia tolerance - marker 4,High altitude hypoxia tolerance,"Observed in breeds from high elevations, like Tibetan mastiffs",10,48633379,C,T,impute-v2,CanFam3.1,https://dx.doi.org/10.7717%2Fpeerj.3522,
SpecialFeatures,special_features,snout_length,brachycephaly,bmp3,br1,p.(F452L),TBD,Brachycephaly,BMP3,Brachycephaly - variant p.(F452L),Brachycephaly,"Observed in breeds with short snouts, like Pugs",32,5231894,C,A,impute-v2_disabled,CanFam3.1,https://dx.doi.org/10.1371%2Fjournal.pgen.1002849,
SpecialFeatures,special_features,eye_color,blue_eyes,alx4,blue,marker,TBD,mod_eye_color,ALX4,Blue eyes - marker,Blue eyes,Associated with blue-colored eyes,18,44924848,C,T,impute-v2,CanFam3.1,https://doi.org/10.1371/journal.pgen.1007648,"need to find Embark marker that they define, check their Data Dryad files"
SpecialFeatures,special_features,food_motivation,food_motivation,POMC,del,,TBD,FoodMotivation,POMC,Food motivation - marker,Food motivation,Observed in Labradors predisposed to obesity,17,19431807,CGCGGCGGGGCCCT,C,impute-v2_disabled,CanFam3.1,,
SpecialFeatures,special_features,leg_length,short_legs,fgf4c18gwas,snp,gwas marker,aut_dom,mod_short_legs,FGF4 retrogene on chromosome 18,Shortened legs - marker,Shortened legs (chromosome 18): associated marker,"Observed in breeds with short legs, such as Corgis",18,20423056,A,G,impute-v2,CanFam3.1,,
SpecialFeatures,special_features,leg_length,long_legs,esr1,e1,,TBD,mod_long_legs,ESR1,Long legs - marker 1,Long legs: associated marker 1,Associated with longer than average legs,1,42302476,C,T,impute-v2,CanFam3.1,https://dx.doi.org/10.1038%2Fs41467-019-09373-w,candidate SNPs in introns
SpecialFeatures,special_features,leg_length,long_legs,esr1,e2,,TBD,mod_long_legs,ESR1,Long legs - marker 2,Long legs: associated marker 2,Associated with longer than average legs,1,42306135,A,G,impute-v2,CanFam3.1,https://dx.doi.org/10.1038%2Fs41467-019-09373-w,candidate SNPs in introns
SpecialFeatures,special_features,leg_length,long_legs,esr1,e3,,TBD,mod_long_legs,ESR1,Long legs - marker 3,Long legs: associated marker 3,Associated with longer than average legs,1,42300805,T,G,impute-v2,CanFam3.1,https://dx.doi.org/10.1038%2Fs41467-019-09373-w,candidate SNPs in introns
SpecialFeatures,special_features,tail_length,natural_bob_tail,BT,bt,p.(I63M),aut_dom,BobTail,T,Natural bob tail - variant p.(I63M),Natural bob tail,Dogs with variant born with shorter tail,1,54192143,G,C,impute-v2,CanFam3.1,https://doi.org/10.1007/s003350010253,